{
    "name": "Player",
    "position": {
        "x": -11.177431106567383,
        "y": 12.452055931091309,
        "z": 0.0
    },
    "currentSpeed": {
        "x": 0.0,
        "y": 0.0
    },
    "currentStateName": "Dodging"
}