{
    "name": "Player",
    "position": {
        "x": -2.742771863937378,
        "y": 6.129037380218506,
        "z": 0.0
    },
    "currentSpeed": {
        "x": 0.0,
        "y": 0.0
    },
    "currentStateName": "RidingFaller"
}