{
    "name": "Player",
    "position": {
        "x": -10.071635246276856,
        "y": 1.5246564149856568,
        "z": 0.0
    },
    "currentSpeed": {
        "x": 0.0,
        "y": 0.0
    },
    "currentStateName": "RidingFaller"
}