{
    "name": "Player",
    "position": {
        "x": -1.3645058870315552,
        "y": 4.411391735076904,
        "z": 0.0
    },
    "currentSpeed": {
        "x": 0.0,
        "y": 0.0
    },
    "currentStateName": "RidingFaller"
}