{
    "name": "Player",
    "position": {
        "x": -3.170971632003784,
        "y": 2.509165048599243,
        "z": 0.0
    },
    "currentSpeed": {
        "x": 0.0,
        "y": 0.0
    },
    "currentStateName": "RidingFaller"
}