{
    "name": "Player",
    "position": {
        "x": -2.837313413619995,
        "y": 5.520071029663086,
        "z": 0.0
    },
    "currentSpeed": {
        "x": 0.0,
        "y": 0.0
    },
    "currentStateName": "RidingFaller"
}