{
    "name": "Player",
    "position": {
        "x": -3.8105595111846926,
        "y": 22.231908798217775,
        "z": 0.0
    },
    "currentSpeed": {
        "x": 0.0,
        "y": 0.0
    },
    "currentStateName": "RidingFaller"
}