{
    "name": "Player",
    "position": {
        "x": -9.694701194763184,
        "y": 6.034692764282227,
        "z": 0.0
    },
    "currentSpeed": {
        "x": 0.0,
        "y": 0.0
    },
    "currentStateName": "Dodging"
}