{
    "name": "Player",
    "position": {
        "x": 0.35218626260757449,
        "y": 0.013554111123085022,
        "z": 0.0
    },
    "currentSpeed": {
        "x": 0.0,
        "y": 0.0
    },
    "currentStateName": "Dodging"
}