{
    "name": "Player",
    "position": {
        "x": 0.20673657953739167,
        "y": 22.293237686157228,
        "z": 0.0
    },
    "currentSpeed": {
        "x": 0.0,
        "y": 0.0
    },
    "currentStateName": "RidingFaller"
}