{
    "name": "Player",
    "position": {
        "x": 4.072396278381348,
        "y": 2.754999876022339,
        "z": 0.0
    },
    "currentSpeed": {
        "x": 0.0,
        "y": 0.0
    },
    "currentStateName": "RidingFaller"
}