{
    "name": "Player",
    "position": {
        "x": 1.6347825527191163,
        "y": 47.5760612487793,
        "z": 0.0
    },
    "currentSpeed": {
        "x": 0.0,
        "y": 0.0
    },
    "currentStateName": "RidingFaller"
}