{
    "name": "Player",
    "position": {
        "x": -2.704362154006958,
        "y": 7.0400590896606449,
        "z": 0.0
    },
    "currentSpeed": {
        "x": 0.0,
        "y": -7.534077167510986
    },
    "currentStateName": "Falling"
}