{
    "name": "Player",
    "position": {
        "x": 5.624216079711914,
        "y": 28.32234001159668,
        "z": 0.0
    },
    "currentSpeed": {
        "x": 0.0,
        "y": 0.0
    },
    "currentStateName": "RidingFaller"
}