{
    "name": "Player",
    "position": {
        "x": 10.573043823242188,
        "y": 1.5036190748214722,
        "z": 0.0
    },
    "currentSpeed": {
        "x": 0.0,
        "y": 0.0
    },
    "currentStateName": "RidingFaller"
}