{
    "name": "Player",
    "position": {
        "x": -1.6970727443695069,
        "y": 19.67784881591797,
        "z": 0.0
    },
    "currentSpeed": {
        "x": 0.0,
        "y": 0.0
    },
    "currentStateName": "RidingFaller"
}