{
    "name": "Player",
    "position": {
        "x": -0.7129778265953064,
        "y": 48.270877838134769,
        "z": 0.0
    },
    "currentSpeed": {
        "x": 0.0,
        "y": 13.698887825012207
    },
    "currentStateName": "Jumping"
}